,y_test,ypredict
0,83088.0,74821.41578619293
1,98273.0,91385.43626305126
2,63218.0,61938.28874863644
3,93940.0,81262.97930497117
4,61111.0,67459.62890758923
5,91738.0,88624.76618357489
6,116969.0,113470.7968988624
7,43525.0,44454.04491195263
8,109431.0,106109.01002025869
